Métrica,Media,Desviación Estándar
Tasa de Recuperación,0.4867132867132868,0.048569945046672273
Precisión,0.6351981351981351,0.03702920280903102
Recall,0.6351981351981351,0.03702920280903102
