alpha,percentil,nodos_en_nucleo,activacion_media
1.05,90,283,0.99941605
1.05,95,147,1.1318731
1.05,97,82,1.2563509
1.05,99,29,1.5639651
1.1,90,283,1.0470073
1.1,95,147,1.1857718
1.1,97,82,1.3161771
1.1,99,29,1.6384397
1.2,90,283,1.1421899
1.2,95,147,1.2935692
1.2,97,82,1.4358298
1.2,99,29,1.7873888
1.5,90,283,1.4277372
1.5,95,147,1.6169615
1.5,97,82,1.7947869
1.5,99,29,2.2342358
2.0,90,283,1.9036497
2.0,95,147,2.1559489
2.0,97,82,2.3930492
2.0,99,29,2.9789813
